patient_id,Consequence,Variant_Classification,HGVSp,HGVSp_Short
SPECTRUM-OV-105,,Missense_Mutation,p.Tyr220Cys,p.Y220C
SPECTRUM-OV-106,,Splice_Site,,p.X307_splice
SPECTRUM-OV-110,,Missense_Mutation,p.Gly262Val,p.G262V
SPECTRUM-OV-104,,Missense_Mutation,p.Tyr220Cys,p.Y220C
SPECTRUM-OV-103,,Missense_Mutation,p.Arg175His,p.R175H
SPECTRUM-OV-102,,Frame_Shift_Del,p.Pro152ArgfsTer18,p.P152Rfs*18
SPECTRUM-OV-100,,Nonsense_Mutation,p.Gln144Ter,p.Q144*
SPECTRUM-OV-101,,Missense_Mutation,p.Arg273His,p.R273H
SPECTRUM-OV-098,,Frame_Shift_Del,p.Gln38SerfsTer4,p.Q38Sfs*4
SPECTRUM-OV-097,,Missense_Mutation,p.Arg282Trp,p.R282W
SPECTRUM-OV-080,,Missense_Mutation,p.Arg282Trp,p.R282W
SPECTRUM-OV-095,,Missense_Mutation,p.Arg175His,p.R175H
SPECTRUM-OV-093,,Missense_Mutation,p.Gly245Arg,p.G245R
SPECTRUM-OV-094,,In_Frame_Del,p.Ile255del,p.I255del
SPECTRUM-OV-090,,Missense_Mutation,p.Tyr220Cys,p.Y220C
SPECTRUM-OV-070,,Missense_Mutation,p.Arg273His,p.R273H
SPECTRUM-OV-081,,Frame_Shift_Del,p.Lys291ArgfsTer54,p.K291Rfs*54
SPECTRUM-OV-083,,Missense_Mutation,p.Tyr220Cys,p.Y220C
SPECTRUM-OV-082,,Frame_Shift_Ins,p.Ala70CysfsTer79,p.A70Cfs*79
SPECTRUM-OV-063,,Missense_Mutation,p.Arg337Cys,p.R337C
SPECTRUM-OV-077,,Missense_Mutation,p.Pro278Leu,p.P278L
SPECTRUM-OV-059,,Missense_Mutation,p.His193Leu,p.H193L
SPECTRUM-OV-075,,Frame_Shift_Del,p.Gln144SerfsTer26,p.Q144Sfs*26
SPECTRUM-OV-073,,Missense_Mutation,p.Val274Phe,p.V274F
SPECTRUM-OV-072,,Nonsense_Mutation,p.Arg196Ter,p.R196*
SPECTRUM-OV-071,,Nonsense_Mutation,p.Arg306Ter,p.R306*
SPECTRUM-OV-068,,Missense_Mutation,p.Tyr220Cys,p.Y220C
SPECTRUM-OV-067,,Nonsense_Mutation,p.Arg196Ter,p.R196*
SPECTRUM-OV-066,,Missense_Mutation,p.Pro151Ser,p.P151S
SPECTRUM-OV-046,,Missense_Mutation,p.Glu258Asp,p.E258D
SPECTRUM-OV-065,,Frame_Shift_Del,p.Ser260ProfsTer85,p.S260Pfs*85
SPECTRUM-OV-062,,In_Frame_Del,p.Val173del,p.V173del
SPECTRUM-OV-050,,Missense_Mutation,p.Pro278Ser,p.P278S
SPECTRUM-OV-064,,Nonsense_Mutation,p.Trp91Ter,p.W91*
SPECTRUM-OV-092,,Missense_Mutation,p.Arg175His,p.R175H
SPECTRUM-OV-056,,In_Frame_Del,p.Ser240_Cys242del,p.S240_C242del
SPECTRUM-OV-048,,Missense_Mutation,p.Pro278Arg,p.P278R
SPECTRUM-OV-049,,Missense_Mutation,p.Ser127Phe,p.S127F
SPECTRUM-OV-053,,Missense_Mutation,p.Cys176Phe,p.C176F
SPECTRUM-OV-052,,Missense_Mutation,p.Ala159Val,p.A159V
SPECTRUM-OV-054,,Missense_Mutation,p.Cys141Tyr,p.C141Y
SPECTRUM-OV-051,,Frame_Shift_Del,p.Pro190LeufsTer57,p.P190Lfs*57
SPECTRUM-OV-045,,In_Frame_Del,p.Cys135del,p.C135del
SPECTRUM-OV-041,,Missense_Mutation,p.Met237Ile,p.M237I
SPECTRUM-OV-044,,Frame_Shift_Del,p.Gln167HisfsTer3,p.Q167Hfs*3
SPECTRUM-OV-038,,Missense_Mutation,p.Arg175His,p.R175H
SPECTRUM-OV-042,,Missense_Mutation,p.Arg248Gln,p.R248Q
SPECTRUM-OV-018,,Splice_Site,,p.X225_splice
SPECTRUM-OV-037,,Missense_Mutation,p.Val272Leu,p.V272L
SPECTRUM-OV-033,,Missense_Mutation,p.Cys242Ser,p.C242S
SPECTRUM-OV-032,,Missense_Mutation,p.Pro219_Tyr220delinsAlaCys,p.P219_Y220delinsAC
SPECTRUM-OV-028,,In_Frame_Del,p.Val157_Val172delinsLeu,p.V157_V172delinsL
SPECTRUM-OV-036,,Splice_Site,,p.X126_splice
SPECTRUM-OV-031,,Missense_Mutation,p.Cys176Trp,p.C176W
SPECTRUM-OV-029,,Nonsense_Mutation,p.Arg213Ter,p.R213*
SPECTRUM-OV-003,,Missense_Mutation,p.Asn239Lys,p.N239K
SPECTRUM-OV-006,,Splice_Site,,p.X187_splice
SPECTRUM-OV-007,,Missense_Mutation,p.Leu257Pro,p.L257P
SPECTRUM-OV-008,,Missense_Mutation,p.Arg175His,p.R175H
SPECTRUM-OV-024,,Missense_Mutation,p.Arg175His,p.R175H
SPECTRUM-OV-030,,Missense_Mutation,p.Gly245Ser,p.G245S
SPECTRUM-OV-026,,Splice_Site,,p.X126_splice
SPECTRUM-OV-025,,Frame_Shift_Ins,p.Thr81AsnfsTer68,p.T81Nfs*68
SPECTRUM-OV-020,,Missense_Mutation,p.Arg248Gln,p.R248Q
SPECTRUM-OV-022,,Splice_Site,,p.X225_splice
SPECTRUM-OV-015,,Missense_Mutation,p.His179Arg,p.H179R
SPECTRUM-OV-016,,Nonsense_Mutation,p.Arg306Ter,p.R306*
SPECTRUM-OV-014,,In_Frame_Del,p.Ala159_Ala161delinsHisPro,p.A159_A161delinsHP
SPECTRUM-OV-009,,Frame_Shift_Del,p.Met160TrpfsTer10,p.M160Wfs*10
SPECTRUM-OV-011,,Missense_Mutation,p.Ser241Phe,p.S241F
SPECTRUM-OV-004,,Missense_Mutation,p.Ser215Arg,p.S215R
SPECTRUM-OV-002,,Missense_Mutation,p.Arg248Gln,p.R248Q
SPECTRUM-OV-116,,Missense_Mutation,p.His214Arg,p.H214R
SPECTRUM-OV-114,,Missense_Mutation,p.Arg248Gln,p.R248Q
SPECTRUM-OV-111,,Missense_Mutation,p.His193Arg,p.H193R
SPECTRUM-OV-112,,Missense_Mutation,p.Pro278Leu,p.P278L
SPECTRUM-OV-115,,Missense_Mutation,p.Val272Leu,p.V272L
SPECTRUM-OV-107,,Missense_Mutation,p.Tyr220Cys,p.Y220C
SPECTRUM-OV-124,,Splice_Site,,p.X307_splice
SPECTRUM-OV-123,,Missense_Mutation,p.Arg175His,p.R175H
SPECTRUM-OV-119,,Missense_Mutation,p.His179Arg,p.H179R
SPECTRUM-OV-120,,Nonsense_Mutation,p.Arg196Ter,p.R196*
SPECTRUM-OV-121,,In_Frame_Del,p.Ala189_Val197del,p.A189_V197del
SPECTRUM-OV-118,,Nonsense_Mutation,p.Arg213Ter,p.R213*
SPECTRUM-OV-122,,Missense_Mutation,p.Arg175His,p.R175H
SPECTRUM-OV-087,missense_variant,Missense_Mutation,p.Tyr220Cys,p.Y220C
SPECTRUM-OV-125,missense_variant,Missense_Mutation,p.Cys176Gly,p.C176G
SPECTRUM-OV-129,stop_gained,Nonsense_Mutation,p.Arg342Ter,p.R342*
SPECTRUM-OV-133,missense_variant,Missense_Mutation,p.Ile195Thr,p.I195T
SPECTRUM-OV-139,missense_variant,Missense_Mutation,p.Val147Asp,p.V147D
